TransactionID,Item1,Item2,Item3,Item4,Item5
1,phone case,screen protector,power bank,headphones,webcam
2,phone case,USB cable,headphones,,
3,screen protector,laptop charger,wireless mouse,phone stand,USB cable
4,phone case,USB cable,power bank,headphones,phone stand
5,phone case,USB cable,headphones,,
6,phone case,USB cable,power bank,headphones,keyboard
7,USB cable,power bank,headphones,,
8,screen protector,wireless mouse,phone stand,,
9,laptop charger,USB cable,keyboard,,
10,phone case,screen protector,power bank,headphones,Bluetooth speaker
11,screen protector,laptop charger,wireless mouse,phone stand,
12,phone case,screen protector,USB cable,,
13,USB cable,power bank,headphones,,
14,phone case,USB cable,power bank,headphones,Bluetooth speaker
15,phone case,,,,
16,laptop charger,USB cable,wireless mouse,keyboard,Bluetooth speaker
17,laptop charger,USB cable,wireless mouse,keyboard,screen protector
18,laptop charger,USB cable,wireless mouse,,
19,screen protector,laptop charger,wireless mouse,phone stand,keyboard
20,laptop charger,wireless mouse,phone stand,,
21,USB cable,power bank,headphones,,
22,phone case,USB cable,headphones,,
23,screen protector,,,,
24,phone case,,,,
25,phone case,USB cable,power bank,headphones,
26,phone case,USB cable,power bank,headphones,wireless mouse
27,screen protector,laptop charger,wireless mouse,phone stand,
28,laptop charger,wireless mouse,phone stand,,
29,laptop charger,wireless mouse,keyboard,,
30,laptop charger,USB cable,wireless mouse,keyboard,webcam
31,laptop charger,wireless mouse,keyboard,,
32,phone case,screen protector,webcam,,
33,phone case,USB cable,power bank,headphones,phone stand
34,USB cable,power bank,headphones,,
35,phone case,screen protector,power bank,headphones,phone stand
36,phone case,,,,
37,USB cable,power bank,headphones,,
38,phone case,USB cable,power bank,,
39,phone case,USB cable,power bank,headphones,laptop charger
40,phone case,USB cable,power bank,headphones,
41,phone case,,,,
42,phone case,power bank,headphones,,
43,laptop charger,USB cable,wireless mouse,keyboard,tablet cover
44,phone case,USB cable,power bank,headphones,tablet cover
45,laptop charger,USB cable,wireless mouse,keyboard,Bluetooth speaker
46,screen protector,laptop charger,wireless mouse,phone stand,power bank
47,phone case,USB cable,power bank,headphones,tablet cover
48,phone case,,,,
49,phone case,screen protector,phone stand,,
50,laptop charger,wireless mouse,phone stand,,
51,phone case,screen protector,power bank,headphones,laptop charger
52,phone case,,,,
53,screen protector,laptop charger,phone stand,,
54,screen protector,laptop charger,wireless mouse,phone stand,tablet cover
55,phone case,USB cable,headphones,,
56,laptop charger,wireless mouse,phone stand,,
57,laptop charger,USB cable,wireless mouse,,
58,phone case,screen protector,headphones,,
59,phone case,USB cable,headphones,,
60,phone case,screen protector,webcam,,
61,screen protector,wireless mouse,phone stand,,
62,laptop charger,USB cable,wireless mouse,keyboard,Bluetooth speaker
63,screen protector,laptop charger,wireless mouse,phone stand,
64,phone case,,,,
65,screen protector,laptop charger,wireless mouse,phone stand,Bluetooth speaker
66,USB cable,power bank,headphones,,
67,phone case,screen protector,laptop charger,,
68,phone case,screen protector,power bank,,
69,phone case,,,,
70,screen protector,laptop charger,wireless mouse,phone stand,power bank
71,laptop charger,USB cable,wireless mouse,keyboard,
72,phone case,USB cable,power bank,headphones,tablet cover
73,laptop charger,USB cable,wireless mouse,,
74,USB cable,wireless mouse,keyboard,,
75,screen protector,laptop charger,phone stand,,
76,screen protector,wireless mouse,phone stand,,
77,screen protector,laptop charger,wireless mouse,,
78,phone case,screen protector,power bank,headphones,laptop charger
79,USB cable,wireless mouse,keyboard,,
80,screen protector,laptop charger,wireless mouse,phone stand,tablet cover
81,phone case,USB cable,power bank,headphones,
82,phone case,USB cable,power bank,headphones,laptop charger
83,laptop charger,wireless mouse,keyboard,,
84,phone case,USB cable,power bank,,
85,screen protector,,,,
86,screen protector,laptop charger,wireless mouse,phone stand,
87,laptop charger,USB cable,wireless mouse,keyboard,webcam
88,phone case,screen protector,power bank,headphones,
89,laptop charger,USB cable,wireless mouse,keyboard,
90,screen protector,wireless mouse,phone stand,,
91,phone case,USB cable,headphones,,
92,laptop charger,wireless mouse,phone stand,,
93,phone case,USB cable,power bank,headphones,Bluetooth speaker
94,laptop charger,USB cable,wireless mouse,keyboard,
95,phone case,power bank,headphones,,
96,phone case,screen protector,wireless mouse,,
97,laptop charger,USB cable,wireless mouse,keyboard,screen protector
98,phone case,USB cable,headphones,,
99,phone case,screen protector,headphones,,
100,phone case,screen protector,power bank,headphones,
101,screen protector,,,,
102,phone case,screen protector,power bank,headphones,
103,screen protector,laptop charger,wireless mouse,phone stand,keyboard
104,phone case,USB cable,power bank,headphones,laptop charger
105,phone case,screen protector,power bank,headphones,webcam
106,phone case,screen protector,tablet cover,,
107,phone case,USB cable,power bank,headphones,
108,screen protector,laptop charger,wireless mouse,phone stand,power bank
109,screen protector,laptop charger,wireless mouse,phone stand,tablet cover
110,phone case,USB cable,power bank,,
111,phone case,screen protector,power bank,headphones,keyboard
112,screen protector,wireless mouse,phone stand,,
113,screen protector,power bank,headphones,,
114,phone case,USB cable,power bank,headphones,
115,USB cable,wireless mouse,keyboard,,
116,laptop charger,USB cable,wireless mouse,keyboard,
117,phone case,screen protector,USB cable,,
118,screen protector,laptop charger,wireless mouse,phone stand,keyboard
119,phone case,screen protector,headphones,,
120,laptop charger,USB cable,wireless mouse,keyboard,
121,phone case,screen protector,headphones,,
122,laptop charger,USB cable,wireless mouse,keyboard,phone case
123,screen protector,laptop charger,phone stand,,
124,phone case,screen protector,power bank,headphones,laptop charger
125,phone case,screen protector,power bank,headphones,webcam
126,laptop charger,USB cable,wireless mouse,,
127,phone case,power bank,headphones,,
128,phone case,screen protector,power bank,headphones,
129,phone case,USB cable,power bank,headphones,Bluetooth speaker
130,phone case,screen protector,power bank,,
131,phone case,screen protector,headphones,,
132,laptop charger,USB cable,keyboard,,
133,phone case,USB cable,power bank,headphones,keyboard
134,phone case,screen protector,power bank,headphones,keyboard
135,USB cable,wireless mouse,keyboard,,
136,laptop charger,wireless mouse,phone stand,,
137,laptop charger,wireless mouse,phone stand,,
138,screen protector,power bank,headphones,,
139,phone case,USB cable,power bank,headphones,
140,phone case,screen protector,laptop charger,,
141,screen protector,power bank,headphones,,
142,screen protector,wireless mouse,phone stand,,
143,laptop charger,USB cable,wireless mouse,,
144,screen protector,laptop charger,phone stand,,
145,screen protector,laptop charger,wireless mouse,,
146,laptop charger,USB cable,wireless mouse,keyboard,
147,phone case,screen protector,tablet cover,,
148,screen protector,laptop charger,wireless mouse,phone stand,headphones
149,screen protector,laptop charger,wireless mouse,phone stand,power bank
150,laptop charger,USB cable,wireless mouse,keyboard,headphones
151,phone case,screen protector,power bank,headphones,laptop charger
152,phone case,screen protector,tablet cover,,
153,phone case,screen protector,USB cable,,
154,phone case,USB cable,power bank,headphones,webcam
155,phone case,screen protector,power bank,,
156,screen protector,laptop charger,wireless mouse,phone stand,tablet cover
157,screen protector,,,,
158,phone case,screen protector,power bank,headphones,laptop charger
159,phone case,screen protector,wireless mouse,,
160,USB cable,power bank,headphones,,
161,phone case,screen protector,power bank,headphones,Bluetooth speaker
162,phone case,power bank,headphones,,
163,phone case,USB cable,headphones,,
164,phone case,power bank,headphones,,
165,laptop charger,USB cable,wireless mouse,keyboard,headphones
166,screen protector,,,,
167,phone case,,,,
168,phone case,,,,
169,laptop charger,USB cable,wireless mouse,keyboard,
170,phone case,power bank,headphones,,
171,USB cable,wireless mouse,keyboard,,
172,phone case,screen protector,power bank,,
173,screen protector,laptop charger,phone stand,,
174,laptop charger,USB cable,wireless mouse,keyboard,power bank
175,laptop charger,wireless mouse,keyboard,,
176,USB cable,wireless mouse,keyboard,,
177,phone case,screen protector,power bank,headphones,wireless mouse
178,screen protector,laptop charger,wireless mouse,,
179,phone case,power bank,headphones,,
180,phone case,screen protector,power bank,headphones,webcam
181,phone case,USB cable,power bank,,
182,phone case,screen protector,USB cable,,
183,phone case,power bank,headphones,,
184,phone case,power bank,headphones,,
185,phone case,screen protector,headphones,,
186,phone case,,,,
187,phone case,screen protector,power bank,,
188,laptop charger,USB cable,wireless mouse,keyboard,
189,laptop charger,USB cable,wireless mouse,,
190,screen protector,laptop charger,wireless mouse,,
191,phone case,USB cable,power bank,headphones,
192,laptop charger,USB cable,wireless mouse,,
193,phone case,screen protector,power bank,headphones,wireless mouse
194,USB cable,wireless mouse,keyboard,,
195,screen protector,,,,
196,phone case,,,,
197,laptop charger,USB cable,wireless mouse,keyboard,
198,screen protector,laptop charger,wireless mouse,phone stand,tablet cover
199,USB cable,power bank,headphones,,
200,laptop charger,USB cable,keyboard,,
201,phone case,USB cable,power bank,,
202,phone case,USB cable,power bank,headphones,Bluetooth speaker
203,phone case,screen protector,tablet cover,,
204,phone case,screen protector,power bank,,
205,phone case,USB cable,power bank,headphones,
206,phone case,screen protector,,,
207,phone case,screen protector,power bank,,
208,screen protector,laptop charger,wireless mouse,,
209,phone case,screen protector,power bank,headphones,Bluetooth speaker
210,phone case,screen protector,wireless mouse,,
211,laptop charger,USB cable,wireless mouse,keyboard,
212,laptop charger,USB cable,keyboard,,
213,phone case,screen protector,power bank,headphones,Bluetooth speaker
214,screen protector,laptop charger,phone stand,,
215,laptop charger,USB cable,keyboard,,
216,phone case,,,,
217,phone case,screen protector,power bank,headphones,keyboard
218,laptop charger,USB cable,keyboard,,
219,laptop charger,USB cable,wireless mouse,,
220,phone case,USB cable,power bank,,
221,laptop charger,USB cable,wireless mouse,keyboard,power bank
222,laptop charger,USB cable,wireless mouse,,
223,phone case,screen protector,headphones,,
224,phone case,screen protector,power bank,,
225,phone case,USB cable,power bank,headphones,phone stand
226,phone case,USB cable,headphones,,
227,phone case,screen protector,power bank,,
228,phone case,screen protector,power bank,headphones,
229,laptop charger,wireless mouse,phone stand,,
230,screen protector,,,,
231,phone case,power bank,headphones,,
232,laptop charger,USB cable,wireless mouse,keyboard,Bluetooth speaker
233,phone case,screen protector,headphones,,
234,phone case,USB cable,headphones,,
235,laptop charger,wireless mouse,phone stand,,
236,laptop charger,wireless mouse,keyboard,,
237,phone case,screen protector,power bank,headphones,keyboard
238,phone case,screen protector,power bank,,
239,phone case,USB cable,power bank,,
240,phone case,USB cable,power bank,headphones,wireless mouse
241,phone case,screen protector,power bank,headphones,
242,laptop charger,USB cable,wireless mouse,keyboard,phone case
243,phone case,USB cable,power bank,headphones,
244,screen protector,laptop charger,wireless mouse,,
245,phone case,USB cable,power bank,headphones,keyboard
246,screen protector,laptop charger,wireless mouse,phone stand,headphones
247,USB cable,power bank,headphones,,
248,laptop charger,wireless mouse,phone stand,,
249,phone case,screen protector,webcam,,
250,phone case,USB cable,headphones,,
251,phone case,USB cable,power bank,headphones,keyboard
252,screen protector,power bank,headphones,,
253,screen protector,laptop charger,wireless mouse,phone stand,
254,phone case,screen protector,,,
255,phone case,,,,
256,phone case,screen protector,power bank,headphones,Bluetooth speaker
257,phone case,screen protector,webcam,,
258,laptop charger,USB cable,keyboard,,
259,phone case,screen protector,power bank,headphones,
260,screen protector,power bank,headphones,,
261,laptop charger,USB cable,wireless mouse,keyboard,
262,USB cable,power bank,headphones,,
263,screen protector,,,,
264,screen protector,laptop charger,wireless mouse,phone stand,keyboard
265,phone case,USB cable,power bank,headphones,
266,phone case,power bank,headphones,,
267,phone case,screen protector,power bank,headphones,USB cable
268,phone case,USB cable,power bank,headphones,laptop charger
269,USB cable,wireless mouse,keyboard,,
270,phone case,screen protector,wireless mouse,,
271,phone case,screen protector,laptop charger,,
272,laptop charger,USB cable,wireless mouse,keyboard,phone stand
273,screen protector,laptop charger,wireless mouse,phone stand,Bluetooth speaker
274,phone case,screen protector,Bluetooth speaker,,
275,screen protector,power bank,headphones,,
276,laptop charger,USB cable,wireless mouse,keyboard,Bluetooth speaker
277,laptop charger,USB cable,wireless mouse,keyboard,headphones
278,phone case,screen protector,power bank,,
279,phone case,screen protector,headphones,,
280,phone case,USB cable,power bank,headphones,tablet cover
281,phone case,power bank,headphones,,
282,phone case,screen protector,power bank,,
283,phone case,screen protector,headphones,,
284,USB cable,wireless mouse,keyboard,,
285,screen protector,laptop charger,wireless mouse,phone stand,
286,laptop charger,USB cable,wireless mouse,keyboard,
287,screen protector,laptop charger,wireless mouse,phone stand,phone case
288,phone case,USB cable,power bank,headphones,
289,laptop charger,wireless mouse,keyboard,,
290,phone case,power bank,headphones,,
291,phone case,screen protector,power bank,,
292,phone case,USB cable,headphones,,
293,screen protector,laptop charger,wireless mouse,phone stand,webcam
294,phone case,screen protector,headphones,,
295,phone case,USB cable,power bank,,
296,laptop charger,USB cable,wireless mouse,,
297,phone case,screen protector,power bank,headphones,webcam
298,screen protector,power bank,headphones,,
299,phone case,screen protector,power bank,headphones,
300,laptop charger,USB cable,wireless mouse,keyboard,
301,screen protector,power bank,headphones,,
302,phone case,screen protector,USB cable,,
303,laptop charger,USB cable,keyboard,,
304,laptop charger,USB cable,wireless mouse,keyboard,headphones
305,phone case,power bank,headphones,,
306,screen protector,,,,
307,phone case,power bank,headphones,,
308,phone case,screen protector,Bluetooth speaker,,
309,phone case,,,,
310,phone case,screen protector,power bank,,
311,laptop charger,USB cable,wireless mouse,keyboard,
312,laptop charger,wireless mouse,keyboard,,
313,phone case,USB cable,power bank,headphones,phone stand
314,screen protector,,,,
315,phone case,screen protector,USB cable,,
316,screen protector,laptop charger,wireless mouse,phone stand,
317,phone case,,,,
318,screen protector,laptop charger,phone stand,,
319,screen protector,laptop charger,wireless mouse,phone stand,tablet cover
320,phone case,screen protector,power bank,,
321,phone case,USB cable,power bank,,
322,USB cable,wireless mouse,keyboard,,
323,screen protector,laptop charger,wireless mouse,,
324,phone case,,,,
325,laptop charger,USB cable,wireless mouse,keyboard,phone case
326,laptop charger,USB cable,wireless mouse,,
327,screen protector,,,,
328,phone case,,,,
329,phone case,USB cable,power bank,headphones,screen protector
330,screen protector,power bank,headphones,,
331,phone case,USB cable,power bank,headphones,webcam
332,phone case,USB cable,headphones,,
333,screen protector,power bank,headphones,,
334,screen protector,laptop charger,wireless mouse,,
335,phone case,power bank,headphones,,
336,phone case,power bank,headphones,,
337,laptop charger,USB cable,wireless mouse,keyboard,screen protector
338,phone case,screen protector,,,
339,screen protector,power bank,headphones,,
340,phone case,screen protector,headphones,,
341,screen protector,laptop charger,wireless mouse,phone stand,USB cable
342,screen protector,laptop charger,wireless mouse,phone stand,
343,phone case,USB cable,power bank,headphones,keyboard
344,phone case,screen protector,headphones,,
345,phone case,USB cable,power bank,headphones,wireless mouse
346,phone case,,,,
347,laptop charger,USB cable,wireless mouse,keyboard,
348,laptop charger,wireless mouse,phone stand,,
349,phone case,screen protector,keyboard,,
350,laptop charger,USB cable,keyboard,,
351,screen protector,laptop charger,wireless mouse,phone stand,
352,phone case,USB cable,power bank,headphones,
353,phone case,screen protector,power bank,headphones,wireless mouse
354,laptop charger,USB cable,wireless mouse,,
355,phone case,screen protector,wireless mouse,,
356,screen protector,laptop charger,wireless mouse,,
357,phone case,screen protector,webcam,,
358,laptop charger,USB cable,wireless mouse,keyboard,Bluetooth speaker
359,phone case,power bank,headphones,,
360,phone case,,,,
361,phone case,screen protector,power bank,headphones,phone stand
362,laptop charger,wireless mouse,phone stand,,
363,phone case,USB cable,power bank,headphones,laptop charger
364,phone case,screen protector,laptop charger,,
365,phone case,USB cable,headphones,,
366,laptop charger,wireless mouse,phone stand,,
367,laptop charger,USB cable,wireless mouse,,
368,screen protector,laptop charger,phone stand,,
369,phone case,USB cable,power bank,headphones,phone stand
370,USB cable,wireless mouse,keyboard,,
371,phone case,power bank,headphones,,
372,laptop charger,USB cable,keyboard,,
373,phone case,screen protector,headphones,,
374,phone case,USB cable,power bank,,
375,phone case,USB cable,headphones,,
376,phone case,screen protector,keyboard,,
377,screen protector,laptop charger,phone stand,,
378,phone case,,,,
379,laptop charger,USB cable,wireless mouse,keyboard,Bluetooth speaker
380,phone case,screen protector,webcam,,
381,screen protector,laptop charger,wireless mouse,phone stand,
382,laptop charger,USB cable,wireless mouse,keyboard,Bluetooth speaker
383,USB cable,wireless mouse,keyboard,,
384,phone case,USB cable,headphones,,
385,phone case,USB cable,power bank,headphones,laptop charger
386,screen protector,wireless mouse,phone stand,,
387,phone case,,,,
388,screen protector,power bank,headphones,,
389,laptop charger,USB cable,keyboard,,
390,phone case,USB cable,power bank,headphones,screen protector
391,laptop charger,USB cable,wireless mouse,keyboard,screen protector
392,screen protector,,,,
393,phone case,,,,
394,laptop charger,USB cable,wireless mouse,,
395,phone case,screen protector,power bank,headphones,wireless mouse
396,screen protector,laptop charger,wireless mouse,,
397,phone case,USB cable,power bank,,
398,phone case,,,,
399,screen protector,laptop charger,wireless mouse,phone stand,webcam
400,phone case,USB cable,power bank,headphones,phone stand
401,phone case,,,,
402,phone case,USB cable,headphones,,
403,laptop charger,USB cable,wireless mouse,,
404,screen protector,laptop charger,wireless mouse,phone stand,
405,phone case,USB cable,power bank,headphones,webcam
406,phone case,USB cable,power bank,headphones,phone stand
407,screen protector,laptop charger,wireless mouse,,
408,screen protector,laptop charger,phone stand,,
409,phone case,screen protector,headphones,,
410,USB cable,wireless mouse,keyboard,,
411,phone case,screen protector,power bank,headphones,laptop charger
412,laptop charger,wireless mouse,phone stand,,
413,phone case,USB cable,power bank,headphones,webcam
414,laptop charger,USB cable,wireless mouse,keyboard,
415,phone case,screen protector,,,
416,screen protector,power bank,headphones,,
417,phone case,power bank,headphones,,
418,phone case,power bank,headphones,,
419,phone case,,,,
420,screen protector,laptop charger,phone stand,,
421,laptop charger,wireless mouse,phone stand,,
422,phone case,USB cable,power bank,headphones,screen protector
423,phone case,screen protector,power bank,headphones,
424,phone case,USB cable,power bank,headphones,phone stand
425,USB cable,wireless mouse,keyboard,,
426,phone case,,,,
427,laptop charger,USB cable,wireless mouse,keyboard,phone stand
428,screen protector,,,,
429,phone case,screen protector,power bank,headphones,wireless mouse
430,phone case,USB cable,headphones,,
431,phone case,screen protector,power bank,headphones,
432,screen protector,,,,
433,laptop charger,wireless mouse,phone stand,,
434,screen protector,power bank,headphones,,
435,phone case,screen protector,power bank,headphones,tablet cover
436,screen protector,,,,
437,laptop charger,USB cable,wireless mouse,keyboard,phone case
438,phone case,screen protector,power bank,headphones,laptop charger
439,USB cable,wireless mouse,keyboard,,
440,laptop charger,USB cable,wireless mouse,keyboard,Bluetooth speaker
441,phone case,screen protector,,,
442,phone case,screen protector,headphones,,
443,laptop charger,USB cable,wireless mouse,keyboard,power bank
444,screen protector,laptop charger,wireless mouse,phone stand,
445,laptop charger,USB cable,wireless mouse,keyboard,Bluetooth speaker
446,phone case,screen protector,headphones,,
447,phone case,screen protector,keyboard,,
448,laptop charger,USB cable,keyboard,,
449,laptop charger,USB cable,wireless mouse,keyboard,screen protector
450,USB cable,wireless mouse,keyboard,,
451,screen protector,laptop charger,wireless mouse,phone stand,
452,phone case,screen protector,tablet cover,,
453,phone case,,,,
454,phone case,USB cable,power bank,headphones,
455,screen protector,wireless mouse,phone stand,,
456,phone case,USB cable,power bank,headphones,phone stand
457,phone case,USB cable,headphones,,
458,phone case,screen protector,wireless mouse,,
459,laptop charger,USB cable,wireless mouse,keyboard,
460,phone case,screen protector,power bank,headphones,webcam
461,screen protector,laptop charger,wireless mouse,phone stand,phone case
462,phone case,screen protector,power bank,headphones,wireless mouse
463,phone case,screen protector,power bank,,
464,USB cable,power bank,headphones,,
465,laptop charger,wireless mouse,phone stand,,
466,phone case,screen protector,power bank,headphones,USB cable
467,phone case,USB cable,power bank,headphones,keyboard
468,laptop charger,USB cable,wireless mouse,keyboard,screen protector
469,phone case,USB cable,headphones,,
470,laptop charger,USB cable,wireless mouse,keyboard,phone stand
471,screen protector,laptop charger,wireless mouse,phone stand,headphones
472,USB cable,wireless mouse,keyboard,,
473,laptop charger,USB cable,wireless mouse,keyboard,headphones
474,phone case,screen protector,phone stand,,
475,USB cable,power bank,headphones,,
476,phone case,screen protector,power bank,,
477,laptop charger,USB cable,keyboard,,
478,laptop charger,USB cable,wireless mouse,,
479,phone case,USB cable,headphones,,
480,laptop charger,USB cable,wireless mouse,,
481,screen protector,laptop charger,wireless mouse,,
482,phone case,power bank,headphones,,
483,laptop charger,USB cable,wireless mouse,keyboard,headphones
484,screen protector,,,,
485,laptop charger,wireless mouse,keyboard,,
486,phone case,USB cable,power bank,headphones,keyboard
487,screen protector,laptop charger,wireless mouse,phone stand,Bluetooth speaker
488,USB cable,wireless mouse,keyboard,,
489,laptop charger,USB cable,wireless mouse,keyboard,phone stand
490,phone case,screen protector,tablet cover,,
491,USB cable,power bank,headphones,,
492,phone case,USB cable,power bank,headphones,wireless mouse
493,phone case,,,,
494,laptop charger,USB cable,wireless mouse,keyboard,
495,laptop charger,USB cable,wireless mouse,keyboard,
496,USB cable,power bank,headphones,,
497,phone case,screen protector,webcam,,
498,screen protector,,,,
499,screen protector,laptop charger,wireless mouse,phone stand,headphones
500,phone case,power bank,headphones,,
501,phone case,USB cable,power bank,headphones,
502,screen protector,laptop charger,wireless mouse,,
503,laptop charger,wireless mouse,keyboard,,
504,phone case,,,,
505,phone case,screen protector,power bank,headphones,phone stand
506,phone case,screen protector,,,
507,phone case,,,,
508,phone case,screen protector,keyboard,,
509,screen protector,laptop charger,wireless mouse,phone stand,tablet cover
510,phone case,USB cable,headphones,,
511,phone case,USB cable,power bank,,
512,phone case,screen protector,power bank,,
513,phone case,USB cable,power bank,headphones,screen protector
514,phone case,,,,
515,phone case,USB cable,headphones,,
516,phone case,screen protector,power bank,headphones,webcam
517,screen protector,laptop charger,phone stand,,
518,screen protector,,,,
519,phone case,USB cable,power bank,headphones,tablet cover
520,screen protector,power bank,headphones,,
521,USB cable,wireless mouse,keyboard,,
522,screen protector,,,,
523,laptop charger,USB cable,wireless mouse,keyboard,
524,laptop charger,USB cable,wireless mouse,keyboard,screen protector
525,phone case,USB cable,headphones,,
526,phone case,screen protector,power bank,headphones,
527,screen protector,laptop charger,wireless mouse,phone stand,
528,phone case,USB cable,headphones,,
529,phone case,,,,
530,laptop charger,USB cable,keyboard,,
531,phone case,power bank,headphones,,
532,phone case,,,,
533,phone case,USB cable,power bank,headphones,
534,screen protector,laptop charger,wireless mouse,phone stand,USB cable
535,screen protector,,,,
536,USB cable,wireless mouse,keyboard,,
537,phone case,USB cable,power bank,headphones,phone stand
538,phone case,power bank,headphones,,
539,phone case,screen protector,webcam,,
540,screen protector,laptop charger,wireless mouse,phone stand,
541,laptop charger,USB cable,wireless mouse,keyboard,
542,screen protector,laptop charger,wireless mouse,phone stand,tablet cover
543,laptop charger,USB cable,wireless mouse,,
544,phone case,,,,
545,phone case,,,,
546,laptop charger,USB cable,wireless mouse,,
547,screen protector,,,,
548,phone case,screen protector,headphones,,
549,phone case,screen protector,,,
550,phone case,USB cable,power bank,headphones,screen protector
551,phone case,USB cable,power bank,,
552,screen protector,laptop charger,wireless mouse,phone stand,power bank
553,laptop charger,wireless mouse,keyboard,,
554,laptop charger,wireless mouse,keyboard,,
555,phone case,USB cable,headphones,,
556,laptop charger,USB cable,wireless mouse,,
557,screen protector,,,,
558,laptop charger,USB cable,wireless mouse,keyboard,screen protector
559,phone case,screen protector,webcam,,
560,phone case,screen protector,power bank,,
561,phone case,USB cable,headphones,,
562,phone case,USB cable,power bank,headphones,
563,screen protector,laptop charger,wireless mouse,phone stand,tablet cover
564,phone case,power bank,headphones,,
565,laptop charger,USB cable,keyboard,,
566,screen protector,laptop charger,wireless mouse,phone stand,webcam
567,screen protector,wireless mouse,phone stand,,
568,phone case,USB cable,power bank,,
569,phone case,screen protector,headphones,,
570,phone case,USB cable,headphones,,
571,screen protector,,,,
572,screen protector,wireless mouse,phone stand,,
573,phone case,screen protector,laptop charger,,
574,laptop charger,wireless mouse,keyboard,,
575,phone case,screen protector,headphones,,
576,laptop charger,wireless mouse,keyboard,,
577,laptop charger,USB cable,wireless mouse,keyboard,headphones
578,phone case,USB cable,power bank,headphones,keyboard
579,laptop charger,USB cable,wireless mouse,keyboard,screen protector
580,phone case,power bank,headphones,,
581,screen protector,laptop charger,wireless mouse,phone stand,tablet cover
582,screen protector,,,,
583,laptop charger,USB cable,wireless mouse,keyboard,phone case
584,phone case,screen protector,power bank,,
585,phone case,USB cable,power bank,,
586,screen protector,laptop charger,wireless mouse,,
587,phone case,screen protector,power bank,,
588,phone case,screen protector,power bank,headphones,phone stand
589,USB cable,wireless mouse,keyboard,,
590,laptop charger,USB cable,wireless mouse,,
591,laptop charger,USB cable,wireless mouse,keyboard,
592,phone case,USB cable,power bank,,
593,screen protector,laptop charger,phone stand,,
594,screen protector,laptop charger,wireless mouse,phone stand,tablet cover
595,phone case,USB cable,power bank,headphones,
596,laptop charger,USB cable,wireless mouse,keyboard,
597,screen protector,laptop charger,wireless mouse,phone stand,headphones
598,screen protector,laptop charger,wireless mouse,phone stand,
599,USB cable,wireless mouse,keyboard,,
600,phone case,USB cable,headphones,,
601,phone case,USB cable,power bank,headphones,tablet cover
602,laptop charger,USB cable,keyboard,,
603,screen protector,laptop charger,phone stand,,
604,phone case,USB cable,power bank,headphones,webcam
605,screen protector,laptop charger,wireless mouse,,
606,screen protector,laptop charger,wireless mouse,phone stand,
607,laptop charger,USB cable,wireless mouse,,
608,screen protector,,,,
609,screen protector,,,,
610,USB cable,power bank,headphones,,
611,phone case,screen protector,power bank,headphones,webcam
612,screen protector,laptop charger,wireless mouse,phone stand,tablet cover
613,screen protector,laptop charger,wireless mouse,phone stand,webcam
614,phone case,USB cable,power bank,,
615,laptop charger,USB cable,keyboard,,
616,phone case,USB cable,headphones,,
617,phone case,,,,
618,phone case,USB cable,power bank,headphones,phone stand
619,phone case,USB cable,power bank,headphones,keyboard
620,laptop charger,USB cable,wireless mouse,keyboard,phone stand
621,screen protector,laptop charger,phone stand,,
622,phone case,screen protector,power bank,,
623,phone case,screen protector,headphones,,
624,screen protector,laptop charger,phone stand,,
625,phone case,USB cable,power bank,headphones,webcam
626,phone case,,,,
627,phone case,USB cable,power bank,,
628,screen protector,laptop charger,phone stand,,
629,screen protector,laptop charger,wireless mouse,phone stand,
630,screen protector,laptop charger,wireless mouse,phone stand,webcam
631,phone case,USB cable,power bank,headphones,phone stand
632,phone case,screen protector,power bank,headphones,phone stand
633,laptop charger,USB cable,wireless mouse,keyboard,phone case
634,phone case,screen protector,power bank,headphones,webcam
635,laptop charger,USB cable,wireless mouse,keyboard,tablet cover
636,screen protector,laptop charger,wireless mouse,,
637,screen protector,laptop charger,wireless mouse,phone stand,
638,laptop charger,USB cable,wireless mouse,keyboard,
639,phone case,screen protector,power bank,headphones,phone stand
640,phone case,screen protector,power bank,,
641,phone case,screen protector,power bank,headphones,phone stand
642,phone case,screen protector,webcam,,
643,phone case,screen protector,power bank,,
644,phone case,screen protector,webcam,,
645,laptop charger,USB cable,keyboard,,
646,USB cable,power bank,headphones,,
647,laptop charger,USB cable,keyboard,,
648,phone case,USB cable,power bank,headphones,
649,screen protector,laptop charger,wireless mouse,,
650,laptop charger,USB cable,wireless mouse,,
651,screen protector,wireless mouse,phone stand,,
652,phone case,screen protector,webcam,,
653,phone case,screen protector,headphones,,
654,screen protector,laptop charger,wireless mouse,,
655,phone case,power bank,headphones,,
656,screen protector,,,,
657,screen protector,laptop charger,phone stand,,
658,screen protector,power bank,headphones,,
659,screen protector,laptop charger,wireless mouse,phone stand,
660,screen protector,power bank,headphones,,
661,phone case,screen protector,headphones,,
662,screen protector,wireless mouse,phone stand,,
663,screen protector,laptop charger,wireless mouse,,
664,screen protector,,,,
665,laptop charger,USB cable,wireless mouse,,
666,screen protector,laptop charger,phone stand,,
667,USB cable,power bank,headphones,,
668,screen protector,laptop charger,wireless mouse,phone stand,
669,phone case,USB cable,power bank,headphones,screen protector
670,laptop charger,wireless mouse,phone stand,,
671,phone case,USB cable,power bank,headphones,wireless mouse
672,USB cable,power bank,headphones,,
673,screen protector,laptop charger,wireless mouse,,
674,screen protector,laptop charger,wireless mouse,phone stand,
675,phone case,USB cable,power bank,headphones,laptop charger
676,phone case,,,,
677,phone case,,,,
678,phone case,screen protector,,,
679,screen protector,laptop charger,wireless mouse,phone stand,
680,laptop charger,USB cable,wireless mouse,keyboard,screen protector
681,phone case,screen protector,webcam,,
682,screen protector,,,,
683,USB cable,power bank,headphones,,
684,laptop charger,wireless mouse,phone stand,,
685,screen protector,laptop charger,wireless mouse,,
686,screen protector,laptop charger,wireless mouse,phone stand,
687,screen protector,laptop charger,wireless mouse,phone stand,
688,screen protector,laptop charger,wireless mouse,phone stand,webcam
689,phone case,screen protector,power bank,,
690,phone case,screen protector,tablet cover,,
691,screen protector,laptop charger,wireless mouse,phone stand,power bank
692,phone case,,,,
693,laptop charger,wireless mouse,phone stand,,
694,phone case,screen protector,headphones,,
695,screen protector,laptop charger,wireless mouse,phone stand,tablet cover
696,phone case,USB cable,headphones,,
697,screen protector,laptop charger,wireless mouse,phone stand,phone case
698,phone case,screen protector,power bank,headphones,keyboard
699,laptop charger,wireless mouse,phone stand,,
700,screen protector,laptop charger,wireless mouse,phone stand,
701,phone case,screen protector,,,
702,phone case,,,,
703,screen protector,laptop charger,wireless mouse,phone stand,power bank
704,laptop charger,USB cable,keyboard,,
705,phone case,USB cable,power bank,,
706,screen protector,power bank,headphones,,
707,phone case,screen protector,power bank,headphones,
708,screen protector,wireless mouse,phone stand,,
709,phone case,screen protector,power bank,,
710,phone case,USB cable,headphones,,
711,laptop charger,USB cable,wireless mouse,,
712,phone case,screen protector,power bank,headphones,wireless mouse
713,phone case,USB cable,power bank,headphones,Bluetooth speaker
714,phone case,screen protector,power bank,headphones,
715,phone case,screen protector,power bank,headphones,
716,phone case,screen protector,,,
717,laptop charger,wireless mouse,phone stand,,
718,phone case,,,,
719,laptop charger,USB cable,wireless mouse,,
720,phone case,screen protector,headphones,,
721,phone case,screen protector,power bank,,
722,screen protector,laptop charger,phone stand,,
723,USB cable,wireless mouse,keyboard,,
724,phone case,power bank,headphones,,
725,laptop charger,USB cable,wireless mouse,keyboard,phone stand
726,phone case,screen protector,headphones,,
727,phone case,screen protector,tablet cover,,
728,phone case,,,,
729,screen protector,laptop charger,phone stand,,
730,screen protector,power bank,headphones,,
731,USB cable,power bank,headphones,,
732,screen protector,wireless mouse,phone stand,,
733,screen protector,power bank,headphones,,
734,laptop charger,USB cable,wireless mouse,,
735,laptop charger,USB cable,wireless mouse,keyboard,
736,laptop charger,USB cable,wireless mouse,keyboard,webcam
737,phone case,,,,
738,screen protector,wireless mouse,phone stand,,
739,phone case,,,,
740,phone case,,,,
741,laptop charger,USB cable,wireless mouse,keyboard,
742,phone case,screen protector,power bank,headphones,USB cable
743,screen protector,power bank,headphones,,
744,screen protector,,,,
745,laptop charger,USB cable,keyboard,,
746,phone case,USB cable,power bank,headphones,webcam
747,phone case,screen protector,power bank,,
748,screen protector,laptop charger,wireless mouse,,
749,phone case,,,,
750,screen protector,laptop charger,wireless mouse,phone stand,phone case
751,screen protector,,,,
752,phone case,screen protector,power bank,headphones,
753,laptop charger,USB cable,wireless mouse,,
754,phone case,USB cable,power bank,headphones,tablet cover
755,screen protector,laptop charger,wireless mouse,,
756,laptop charger,USB cable,keyboard,,
757,phone case,USB cable,power bank,headphones,keyboard
758,screen protector,,,,
759,phone case,,,,
760,screen protector,laptop charger,wireless mouse,phone stand,USB cable
761,phone case,USB cable,power bank,headphones,screen protector
762,phone case,screen protector,tablet cover,,
763,phone case,screen protector,power bank,headphones,Bluetooth speaker
764,phone case,,,,
765,USB cable,wireless mouse,keyboard,,
766,phone case,USB cable,power bank,headphones,wireless mouse
767,phone case,USB cable,power bank,headphones,tablet cover
768,phone case,screen protector,laptop charger,,
769,phone case,screen protector,,,
770,laptop charger,USB cable,keyboard,,
771,screen protector,laptop charger,wireless mouse,phone stand,webcam
772,screen protector,,,,
773,laptop charger,USB cable,keyboard,,
774,phone case,screen protector,webcam,,
775,screen protector,power bank,headphones,,
776,phone case,USB cable,power bank,headphones,
777,USB cable,wireless mouse,keyboard,,
778,screen protector,laptop charger,wireless mouse,,
779,phone case,USB cable,power bank,headphones,screen protector
780,phone case,screen protector,power bank,,
781,laptop charger,USB cable,wireless mouse,,
782,phone case,USB cable,power bank,headphones,laptop charger
783,laptop charger,USB cable,keyboard,,
784,laptop charger,wireless mouse,keyboard,,
785,screen protector,power bank,headphones,,
786,screen protector,,,,
787,laptop charger,wireless mouse,keyboard,,
788,phone case,screen protector,power bank,headphones,laptop charger
789,phone case,screen protector,power bank,headphones,
790,phone case,USB cable,power bank,headphones,laptop charger
791,phone case,screen protector,power bank,headphones,keyboard
792,USB cable,wireless mouse,keyboard,,
793,phone case,USB cable,power bank,headphones,webcam
794,USB cable,wireless mouse,keyboard,,
795,screen protector,laptop charger,wireless mouse,phone stand,tablet cover
796,phone case,screen protector,USB cable,,
797,phone case,power bank,headphones,,
798,screen protector,laptop charger,wireless mouse,phone stand,webcam
799,screen protector,power bank,headphones,,
800,screen protector,,,,
801,USB cable,power bank,headphones,,
802,phone case,screen protector,phone stand,,
803,phone case,screen protector,power bank,headphones,tablet cover
804,screen protector,laptop charger,wireless mouse,phone stand,
805,laptop charger,wireless mouse,keyboard,,
806,phone case,screen protector,power bank,,
807,phone case,USB cable,power bank,headphones,
808,laptop charger,USB cable,wireless mouse,,
809,laptop charger,wireless mouse,phone stand,,
810,phone case,screen protector,power bank,headphones,keyboard
811,phone case,USB cable,headphones,,
812,screen protector,laptop charger,wireless mouse,,
813,phone case,USB cable,power bank,,
814,phone case,screen protector,power bank,headphones,Bluetooth speaker
815,screen protector,wireless mouse,phone stand,,
816,phone case,USB cable,power bank,headphones,Bluetooth speaker
817,phone case,USB cable,power bank,headphones,screen protector
818,phone case,screen protector,headphones,,
819,USB cable,wireless mouse,keyboard,,
820,phone case,screen protector,power bank,headphones,
821,screen protector,laptop charger,wireless mouse,,
822,screen protector,laptop charger,wireless mouse,phone stand,
823,phone case,screen protector,power bank,headphones,wireless mouse
824,laptop charger,USB cable,wireless mouse,,
825,phone case,USB cable,power bank,headphones,
826,screen protector,laptop charger,phone stand,,
827,phone case,,,,
828,phone case,USB cable,power bank,headphones,
829,phone case,screen protector,wireless mouse,,
830,laptop charger,USB cable,wireless mouse,,
831,phone case,screen protector,power bank,,
832,phone case,power bank,headphones,,
833,phone case,USB cable,power bank,headphones,phone stand
834,phone case,screen protector,power bank,,
835,screen protector,,,,
836,laptop charger,USB cable,wireless mouse,keyboard,
837,screen protector,laptop charger,phone stand,,
838,laptop charger,USB cable,wireless mouse,keyboard,power bank
839,phone case,screen protector,,,
840,phone case,screen protector,power bank,headphones,laptop charger
841,screen protector,laptop charger,wireless mouse,phone stand,
842,laptop charger,wireless mouse,keyboard,,
843,phone case,screen protector,headphones,,
844,screen protector,laptop charger,wireless mouse,phone stand,
845,phone case,USB cable,power bank,,
846,phone case,screen protector,power bank,,
847,phone case,screen protector,power bank,headphones,phone stand
848,phone case,power bank,headphones,,
849,phone case,screen protector,power bank,,
850,phone case,screen protector,headphones,,
851,laptop charger,USB cable,keyboard,,
852,screen protector,laptop charger,phone stand,,
853,screen protector,wireless mouse,phone stand,,
854,phone case,screen protector,power bank,,
855,phone case,screen protector,webcam,,
856,screen protector,wireless mouse,phone stand,,
857,screen protector,power bank,headphones,,
858,USB cable,wireless mouse,keyboard,,
859,screen protector,laptop charger,wireless mouse,,
860,laptop charger,USB cable,keyboard,,
861,phone case,screen protector,headphones,,
862,phone case,screen protector,phone stand,,
863,laptop charger,wireless mouse,phone stand,,
864,phone case,power bank,headphones,,
865,USB cable,wireless mouse,keyboard,,
866,laptop charger,USB cable,wireless mouse,keyboard,Bluetooth speaker
867,screen protector,laptop charger,wireless mouse,,
868,phone case,screen protector,power bank,headphones,
869,phone case,screen protector,power bank,,
870,laptop charger,USB cable,keyboard,,
871,phone case,USB cable,power bank,headphones,
872,phone case,screen protector,power bank,headphones,Bluetooth speaker
873,phone case,power bank,headphones,,
874,phone case,screen protector,power bank,headphones,
875,screen protector,laptop charger,wireless mouse,phone stand,tablet cover
876,phone case,USB cable,power bank,,
877,phone case,USB cable,power bank,,
878,phone case,USB cable,power bank,,
879,laptop charger,wireless mouse,phone stand,,
880,USB cable,power bank,headphones,,
881,laptop charger,USB cable,wireless mouse,keyboard,Bluetooth speaker
882,phone case,screen protector,,,
883,screen protector,,,,
884,USB cable,wireless mouse,keyboard,,
885,phone case,USB cable,power bank,headphones,phone stand
886,USB cable,power bank,headphones,,
887,screen protector,laptop charger,wireless mouse,phone stand,Bluetooth speaker
888,screen protector,laptop charger,wireless mouse,phone stand,headphones
889,USB cable,power bank,headphones,,
890,phone case,screen protector,power bank,headphones,Bluetooth speaker
891,laptop charger,USB cable,wireless mouse,keyboard,webcam
892,phone case,power bank,headphones,,
893,phone case,USB cable,power bank,headphones,
894,screen protector,,,,
895,USB cable,power bank,headphones,,
896,phone case,screen protector,power bank,headphones,
897,phone case,USB cable,power bank,headphones,
898,laptop charger,USB cable,wireless mouse,,
899,phone case,screen protector,power bank,headphones,webcam
900,laptop charger,USB cable,wireless mouse,keyboard,
901,screen protector,laptop charger,wireless mouse,phone stand,USB cable
902,screen protector,wireless mouse,phone stand,,
903,phone case,power bank,headphones,,
904,phone case,,,,
905,laptop charger,USB cable,wireless mouse,keyboard,phone case
906,USB cable,power bank,headphones,,
907,phone case,screen protector,power bank,headphones,
908,screen protector,laptop charger,wireless mouse,phone stand,
909,phone case,screen protector,power bank,headphones,
910,phone case,screen protector,keyboard,,
911,phone case,,,,
912,screen protector,laptop charger,wireless mouse,phone stand,tablet cover
913,phone case,screen protector,tablet cover,,
914,laptop charger,wireless mouse,phone stand,,
915,screen protector,laptop charger,wireless mouse,phone stand,tablet cover
916,laptop charger,USB cable,wireless mouse,keyboard,
917,phone case,screen protector,power bank,headphones,keyboard
918,laptop charger,wireless mouse,phone stand,,
919,phone case,screen protector,laptop charger,,
920,laptop charger,USB cable,keyboard,,
921,laptop charger,USB cable,wireless mouse,keyboard,power bank
922,screen protector,laptop charger,wireless mouse,phone stand,power bank
923,phone case,USB cable,power bank,headphones,
924,phone case,USB cable,power bank,,
925,phone case,USB cable,power bank,headphones,
926,phone case,screen protector,power bank,headphones,USB cable
927,phone case,screen protector,power bank,headphones,USB cable
928,laptop charger,USB cable,wireless mouse,keyboard,phone case
929,laptop charger,USB cable,wireless mouse,keyboard,
930,phone case,screen protector,tablet cover,,
931,phone case,screen protector,keyboard,,
932,phone case,screen protector,power bank,headphones,
933,phone case,screen protector,power bank,,
934,phone case,,,,
935,laptop charger,USB cable,wireless mouse,keyboard,screen protector
936,phone case,screen protector,power bank,headphones,
937,screen protector,laptop charger,phone stand,,
938,screen protector,laptop charger,wireless mouse,,
939,phone case,,,,
940,phone case,screen protector,tablet cover,,
941,phone case,USB cable,headphones,,
942,phone case,power bank,headphones,,
943,phone case,USB cable,power bank,headphones,
944,phone case,USB cable,power bank,headphones,
945,phone case,,,,
946,phone case,screen protector,wireless mouse,,
947,screen protector,laptop charger,wireless mouse,phone stand,headphones
948,phone case,screen protector,power bank,headphones,wireless mouse
949,phone case,,,,
950,phone case,screen protector,power bank,headphones,
951,USB cable,wireless mouse,keyboard,,
952,phone case,screen protector,headphones,,
953,screen protector,,,,
954,screen protector,laptop charger,wireless mouse,,
955,phone case,screen protector,power bank,headphones,webcam
956,phone case,screen protector,tablet cover,,
957,laptop charger,USB cable,wireless mouse,keyboard,
958,laptop charger,USB cable,wireless mouse,keyboard,
959,laptop charger,USB cable,wireless mouse,keyboard,screen protector
960,phone case,USB cable,power bank,,
961,phone case,USB cable,power bank,,
962,screen protector,wireless mouse,phone stand,,
963,phone case,,,,
964,phone case,USB cable,power bank,headphones,wireless mouse
965,screen protector,,,,
966,laptop charger,USB cable,wireless mouse,keyboard,screen protector
967,phone case,screen protector,power bank,,
968,screen protector,power bank,headphones,,
969,phone case,USB cable,power bank,,
970,screen protector,power bank,headphones,,
971,screen protector,laptop charger,wireless mouse,phone stand,Bluetooth speaker
972,screen protector,,,,
973,phone case,,,,
974,screen protector,laptop charger,wireless mouse,phone stand,
975,screen protector,,,,
976,phone case,screen protector,Bluetooth speaker,,
977,phone case,USB cable,power bank,headphones,
978,screen protector,,,,
979,phone case,USB cable,power bank,headphones,
980,screen protector,laptop charger,wireless mouse,,
981,phone case,USB cable,headphones,,
982,phone case,screen protector,power bank,,
983,screen protector,laptop charger,wireless mouse,phone stand,keyboard
984,phone case,USB cable,power bank,headphones,
985,phone case,USB cable,headphones,,
986,laptop charger,USB cable,keyboard,,
987,phone case,screen protector,power bank,,
988,phone case,screen protector,headphones,,
989,USB cable,wireless mouse,keyboard,,
990,laptop charger,wireless mouse,phone stand,,
991,laptop charger,USB cable,wireless mouse,keyboard,tablet cover
992,phone case,screen protector,phone stand,,
993,phone case,screen protector,power bank,headphones,
994,laptop charger,USB cable,keyboard,,
995,phone case,power bank,headphones,,
996,phone case,USB cable,power bank,headphones,tablet cover
997,phone case,screen protector,headphones,,
998,phone case,screen protector,power bank,,
999,phone case,screen protector,,,
1000,screen protector,laptop charger,wireless mouse,,
